"ground_truth_output","num_queries","original_output","original_score","original_text","perturbed_output","perturbed_score","perturbed_text","result_type"
0.0,57.0,0.0,0.48052942752838135,"here is todays map of [[new]] case",1.0,0.6257697343826294,"here is todays map of [[newfangled]] case","Successful"
1.0,64.0,1.0,0.36270231008529663,"[[news]] [[stoner]] [[surprised]] to [[learn]] [[britain]] is on lockdown",0.0,0.5139597654342651,"[[newsworthiness]] [[lapidator]] [[storm]] to [[ascertain]] [[UK]] is on lockdown","Successful"
1.0,86.0,1.0,0.36545330286026,"president giammattei [[said]] that the [[country]] ha covid [[test]]",1.0,0.3902282118797302,"president giammattei [[order]] that the [[nation]] ha covid [[quiz]]","Failed"
0.0,86.0,0.0,0.3699507713317871,"[[social]] distancing [[work]] for preventing other infectious disease too",1.0,0.5273041725158691,"[[mixer]] distancing [[crop]] for preventing other infectious disease too","Successful"
1.0,99.0,1.0,0.35558778047561646,"sir ganga [[ram]] hospital delhi [[issue]] covid prescription",1.0,0.3738718032836914,"sir ganga [[Aries]] hospital delhi [[subject]] covid prescription","Failed"
1.0,180.0,1.0,0.36137819290161133,"[[kid]] reach f k this [[shit]] stage of lockdown",0.0,0.5796307921409607,"[[minor]] reach f k this [[make]] stage of lockdown","Successful"
0.0,33.0,0.0,0.37473422288894653,"covid mortality [[risk]] in bystander cpr event",1.0,0.5832254886627197,"covid mortality [[adventure]] in bystander cpr event","Successful"
1.0,18.0,1.0,0.36513030529022217,"alfalfa is the only [[cure]] for covid",1.0,0.3664073944091797,"alfalfa is the only [[remedy]] for covid","Failed"
1.0,54.0,1.0,0.3652322292327881,"covid vaccine [[trial]] [[killed]] child in senegal",1.0,0.37468844652175903,"covid vaccine [[tribulation]] [[obliterate]] child in senegal","Failed"
0.0,99.0,0.0,0.3500335216522217,"here are the [[state]] [[reporting]] over [[case]] [[today]]",0.0,0.4554344415664673,"here are the [[commonwealth]] [[cover]] over [[vitrine]] [[now]]","Failed"
1.0,63.0,1.0,0.3567402958869934," [[israel]] ha already [[developed]] a [[vaccine]] against covid  ",1.0,0.3959892988204956," [[Sion]] ha already [[rise]] a [[vaccinum]] against covid  ","Failed"
1.0,62.0,1.0,0.3495945930480957," american scientist have [[developed]] a [[cure]] for the coronavirus  ",1.0,0.3773866295814514," american scientist have [[uprise]] a [[curative]] for the coronavirus  ","Failed"
1.0,70.0,1.0,0.3554515242576599,"[[news]] coronavirus [[suspect]] to be [[quarantined]] on love island",1.0,0.3715101480484009,"[[tidings]] coronavirus [[fishy]] to be [[isolated]] on love island","Failed"
1.0,62.0,1.0,0.35710495710372925,"covid [[kit]] for [[home]] [[linked]] to tata health",0.0,0.5876727104187012,"covid [[outfit]] for [[dwelling]] [[relate]] to tata health","Successful"
1.0,175.0,1.0,0.35429930686950684,"[[black]] [[magic]] at [[work]] in [[bathroom]] coronavirus blackmagic",0.0,0.5424052476882935,"[[melanize]] [[thaumaturgy]] at [[act]] in [[lav]] coronavirus blackmagic","Successful"
1.0,72.0,1.0,0.36282479763031006,"[[russia]] report [[huge]] spike in coronavirus [[death]] among journalist",1.0,0.3735196590423584,"[[USSR]] report [[Brobdingnagian]] spike in coronavirus [[expiry]] among journalist","Failed"
1.0,32.0,1.0,0.365822434425354,"sanitizer will do [[nothing]] for the coronavirus",1.0,0.3820716142654419,"sanitizer will do [[naught]] for the coronavirus","Failed"
1.0,56.0,1.0,0.3689371943473816,"the gate [[foundation]] ha the [[patent]] for this coronavirus",1.0,0.4529259204864502,"the gate [[basis]] ha the [[evident]] for this coronavirus","Failed"
1.0,97.0,1.0,0.3443106412887573,"[[italy]] [[registered]] new recovering [[case]] from coronavirus in hour",0.0,0.5338810682296753,"[[Italia]] [[record]] new recovering [[slip]] from coronavirus in hour","Successful"
1.0,81.0,1.0,0.35867154598236084,"[[g]] is the [[cause]] of the coronavirus pandemic",0.0,0.5441083908081055,"[[M]] is the [[effort]] of the coronavirus pandemic","Successful"
1.0,45.0,1.0,0.3538457751274109,"[[coping]] with coronavirus [[boredom]] quasimodo beavercrossing hobson schoice",1.0,0.38090622425079346,"[[apprehend]] with coronavirus [[tedium]] quasimodo beavercrossing hobson schoice","Failed"
1.0,56.0,1.0,0.3855084180831909,"u ha [[developed]] miracle drug remedesivir against covid",0.0,0.5533816814422607,"u ha [[uprise]] miracle drug remedesivir against covid","Successful"
1.0,53.0,1.0,0.3654492497444153,"[[inhaling]] [[hot]] [[water]] steam [[kill]] corona virus homemade",1.0,0.3897044062614441,"[[inhale]] [[spicy]] [[urine]] steam [[killing]] corona virus homemade","Failed"
1.0,87.0,1.0,0.3515675663948059,"[[prolonged]] use of the mask [[cause]] hypoxia",0.0,0.531324565410614,"[[protract]] use of the mask [[movement]] hypoxia","Successful"
0.0,1.0,1.0,0.6221053600311279,"asymptomatic coronavirus spread is rare who say",1.0,0.6221053600311279,"asymptomatic coronavirus spread is rare who say","Skipped"
1.0,75.0,1.0,0.3483293056488037,"mumbai to [[west]] [[bengal]] migrant [[train]] on th may",0.0,0.5261244773864746,"mumbai to [[westward]] [[Bengal]] migrant [[educate]] on th may","Successful"
1.0,85.0,1.0,0.3755031228065491,"collective [[consciousness]] on [[ace]] receptor [[kill]] coronavirus",0.0,0.5468121767044067,"collective [[awareness]] on [[first-rate]] receptor [[down]] coronavirus","Successful"
1.0,37.0,1.0,0.3739859461784363,"all india [[lock]] down increased [[till]] th may",0.0,0.5137407779693604,"all india [[ringlet]] down increased [[trough]] th may","Successful"
1.0,126.0,1.0,0.36387819051742554,"[[us]] bonhomme richard [[boast]] [[zero]] covid [[case]]",1.0,0.39469361305236816,"[[uracil]] bonhomme richard [[vaunt]] [[aught]] covid [[example]]","Failed"
1.0,29.0,1.0,0.36931920051574707,"beware of a donald trump vaccine jaredkushner billbarr",1.0,0.36931920051574707,"beware of a donald trump vaccine jaredkushner billbarr","Failed"
1.0,59.0,1.0,0.3482535481452942,"[[channel]] s jon [[snow]] is [[infected]] with coronavirus",1.0,0.4242766499519348,"[[channelize]] s jon [[C]] is [[taint]] with coronavirus","Failed"
1.0,94.0,1.0,0.36306726932525635,"[[delhi]] public [[school]] [[selling]] [[face]] mask for [[r]] each",1.0,0.3843519687652588,"[[Delhi]] public [[train]] [[betray]] [[brass]] mask for [[roentgen]] each","Failed"
1.0,67.0,1.0,0.3648402690887451,"infamous dubliner janey mac [[test]] [[positive]] for covid",1.0,0.3843783140182495,"infamous dubliner janey mac [[prove]] [[positivist]] for covid","Failed"
1.0,115.0,1.0,0.3644840121269226,"[[squeezing]] [[hot]] lemon water cure corona virus infection",1.0,0.3916829824447632,"[[squeeze]] [[red-hot]] lemon water cure corona virus infection","Failed"
1.0,63.0,1.0,0.4411563277244568,"you see [[suicide]] rate are skyrocketing now",0.0,0.5464153289794922,"you see [[felo-de-se]] rate are skyrocketing now","Successful"
1.0,160.0,1.0,0.36897367238998413,"[[italian]] parliament [[call]] for the [[arrest]] of [[bill]] gate",1.0,0.39006543159484863,"[[Italian]] parliament [[claim]] for the [[cop]] of [[broadsheet]] gate","Failed"
0.0,1.0,1.0,0.527961254119873,"arizona ha new covid case each day",1.0,0.527961254119873,"arizona ha new covid case each day","Skipped"
1.0,18.0,1.0,0.36860376596450806,"peru ha just [[nationalized]] [[hospital]] and clinic",1.0,0.43217432498931885,"peru ha just [[nationalise]] [[infirmary]] and clinic","Failed"
1.0,61.0,1.0,0.3787360191345215,"flight crash victim test [[positive]] for covid",0.0,0.6025073528289795,"flight crash victim test [[incontrovertible]] for covid","Successful"
1.0,128.0,1.0,0.3687024712562561,"[[video]] [[show]] a [[family]] that [[died]] from novel coronavirus",1.0,0.48484092950820923,"[[telecasting]] [[demonstrate]] a [[category]] that [[go]] from novel coronavirus","Failed"
1.0,42.0,1.0,0.37392014265060425,"[[fennel]] tea is a [[cure]] against the [[new]] coronavirus",1.0,0.3920111060142517,"[[finocchio]] tea is a [[curative]] against the [[novel]] coronavirus","Failed"
1.0,66.0,1.0,0.3529393672943115,"coronavirus patient [[bite]] a [[doctors]] jugular in the [[usa]]",1.0,0.3789598345756531,"coronavirus patient [[raciness]] a [[sophisticate]] jugular in the [[Army]]","Failed"
1.0,51.0,1.0,0.4316800832748413,"ag barr suggests an [[end]] to the coronavirus lockdown",0.0,0.5658649206161499,"ag barr suggests an [[conclusion]] to the coronavirus lockdown","Successful"
1.0,98.0,1.0,0.3599584102630615,"local badass only [[wash]] [[hand]] for [[second]] [[handwashing]] coronalockdown",1.0,0.4730578660964966,"local badass only [[airstream]] [[deal]] for [[secondly]] [[hand-wash]] coronalockdown","Failed"
1.0,43.0,1.0,0.3529213070869446,"[[salary]] pension of [[government]] employee will be [[deducted]]",0.0,0.5809008479118347,"[[remuneration]] pension of [[governance]] employee will be [[deduce]]","Successful"
1.0,61.0,1.0,0.42135196924209595,"we cannot return to ed sheeran postcoronavirus warn [[expert]]",0.0,0.5075997114181519,"we cannot return to ed sheeran postcoronavirus warn [[technical]]","Successful"
1.0,72.0,1.0,0.3455810546875,"not a [[single]] [[muslim]] died of coronavirus in [[china]]",1.0,0.37291210889816284,"not a [[exclusive]] [[Muslim]] died of coronavirus in [[Taiwan]]","Failed"
1.0,40.0,1.0,0.36741334199905396,"[[country]] were [[exporting]] covid [[diagnostic]] test instrument in",0.0,0.5442060232162476,"[[area]] were [[export]] covid [[symptomatic]] test instrument in","Successful"
1.0,86.0,1.0,0.38088732957839966,"muslimowned restaurant are spitting in food to [[spread]] coronavirus",1.0,0.3814547061920166,"muslimowned restaurant are spitting in food to [[distribute]] coronavirus","Failed"
1.0,70.0,1.0,0.36513370275497437,"cbs [[aired]] [[wrong]] [[video]] footage of a coronavirus hospital",1.0,0.38361668586730957,"cbs [[airy]] [[wrongly]] [[telecasting]] footage of a coronavirus hospital","Failed"
1.0,54.0,1.0,0.35346078872680664,"[[president]] [[trumps]] facemask [[speaks]] out donaldtrump coronavirus covid facemasks",1.0,0.37116336822509766,"[[prexy]] [[outdo]] facemask [[utter]] out donaldtrump coronavirus covid facemasks","Failed"
1.0,63.0,1.0,0.3603559732437134,"say gov tony evers [[administration]] [[deemed]] dentist [[nonessential]]",1.0,0.37501227855682373,"say gov tony evers [[brass]] [[hold]] dentist [[inessential]]","Failed"
1.0,40.0,1.0,0.3667072057723999,"hydroxychloroquine and chloroquine are [[cure]] for the [[new]] coronavirus",1.0,0.3768994212150574,"hydroxychloroquine and chloroquine are [[curative]] for the [[unexampled]] coronavirus","Failed"
1.0,30.0,1.0,0.3627689480781555,"who ha [[declared]] covid an [[endemic]] disease",1.0,0.39143699407577515,"who ha [[hold]] covid an [[endemical]] disease","Failed"
1.0,31.0,1.0,0.3661673665046692,"coronavirus [[spelled]] [[backwards]] surivanorac a [[coincidence]] coronavirus drbillingsgate",1.0,0.37998610734939575,"coronavirus [[spell]] [[rearwards]] surivanorac a [[concurrence]] coronavirus drbillingsgate","Failed"
1.0,114.0,1.0,0.3659400939941406,"[[people]] [[defying]] stayathome [[order]] [[fill]] arizona beach",0.0,0.544366717338562,"[[multitude]] [[hold]] stayathome [[dictate]] [[fulfil]] arizona beach","Successful"
1.0,53.0,1.0,0.4883694052696228,"social medium [[post]] on covid are punishable offence now",0.0,0.5960553884506226,"social medium [[stake]] on covid are punishable offence now","Successful"
1.0,181.0,1.0,0.3686567544937134,"doe vaping reduce your [[chance]] of [[getting]] the coronavirus",0.0,0.5543968677520752,"doe vaping reduce your [[encounter]] of [[develop]] the coronavirus","Successful"
0.0,35.0,0.0,0.4326234459877014,"some coronavirus patient are [[experiencing]] chronic fatigue",1.0,0.5354989171028137,"some coronavirus patient are [[live]] chronic fatigue","Successful"
0.0,14.0,0.0,0.3922416567802429,"conjunctivitis [[may]] sometimes be the only coronavirus symptom",1.0,0.6121156215667725,"conjunctivitis [[whitethorn]] sometimes be the only coronavirus symptom","Successful"
1.0,101.0,1.0,0.36087357997894287,"italy is [[burying]] [[corona]] victim in [[mass]] graf",1.0,0.37334394454956055,"italy is [[immerse]] [[aureole]] victim in [[Mass]] graf","Failed"
0.0,1.0,1.0,0.6130871176719666,"coronavirus is accelerating medicare s money problem",1.0,0.6130871176719666,"coronavirus is accelerating medicare s money problem","Skipped"
1.0,88.0,1.0,0.34461575746536255,"say gov tony evers is [[pushing]] firearm confiscation order",0.0,0.5194298028945923,"say gov tony evers is [[labour]] firearm confiscation order","Successful"
1.0,88.0,1.0,0.3557935357093811,"in italy the cure for coronavirus is finally [[found]]",1.0,0.37579792737960815,"in italy the cure for coronavirus is finally [[observe]]","Failed"
1.0,61.0,1.0,0.38255172967910767,"raisin [[prevents]] clotting thus help to fight covid",0.0,0.5709227323532104,"raisin [[forestall]] clotting thus help to fight covid","Successful"
1.0,46.0,1.0,0.3662051558494568,"madrid ha enabled the [[phone]] number to request prescription",0.0,0.5374534130096436,"madrid ha enabled the [[sound]] number to request prescription","Successful"
1.0,76.0,1.0,0.34619784355163574,"[[rinsing]] the [[mouth]] with salt [[water]] [[help]] with coronavirus",1.0,0.3798298239707947,"[[gargle]] the [[sassing]] with salt [[piss]] [[serve]] with coronavirus","Failed"
1.0,51.0,1.0,0.3671787977218628," [[queen]] elizabeth [[ii]] ha been [[diagnosed]] with coronavirus  ",1.0,0.47109806537628174," [[fag]] elizabeth [[2]] ha been [[name]] with coronavirus  ","Failed"
1.0,92.0,1.0,0.3500191569328308,"[[news]] jeremy corbyn [[demand]] government open [[talk]] with coronavirus",0.0,0.5326142907142639,"[[newsworthiness]] jeremy corbyn [[take]] government open [[verbalise]] with coronavirus","Successful"
1.0,60.0,1.0,0.37042105197906494,"covid patient zero had [[sex]] with bat",1.0,0.37092113494873047,"covid patient zero had [[arouse]] with bat","Failed"
1.0,140.0,1.0,0.37734949588775635,"[[video]] of empty hospital [[show]] the covid is [[fake]]",1.0,0.40379059314727783,"[[television]] of empty hospital [[evidence]] the covid is [[faker]]","Failed"
1.0,86.0,1.0,0.38645875453948975,"our covid number are better than almost all [[country]]",0.0,0.5821402072906494,"our covid number are better than almost all [[state]]","Successful"
1.0,94.0,1.0,0.3479941487312317,"[[wearing]] a mask during [[physical]] [[activity]] [[cause]] hypercapnia syndrome",0.0,0.5196248292922974,"[[outwear]] a mask during [[forcible]] [[activeness]] [[get]] hypercapnia syndrome","Successful"
1.0,57.0,1.0,0.3765339255332947,"[[trump]] [[offer]] to [[pardon]] coronavirus newsinphoto covid coronavirusnyc",1.0,0.3892732262611389,"[[outflank]] [[bid]] to [[excuse]] coronavirus newsinphoto covid coronavirusnyc","Failed"
1.0,52.0,1.0,0.3745960593223572,"who [[say]] that covid ha become [[endemic]]",1.0,0.38236647844314575,"who [[tell]] that covid ha become [[autochthonous]]","Failed"
0.0,1.0,1.0,0.6300486326217651,"brazil is a worrying combination of pandemic and pandemonium",1.0,0.6300486326217651,"brazil is a worrying combination of pandemic and pandemonium","Skipped"
0.0,60.0,0.0,0.3653835654258728,"coronavirus franchising ended a government [[seek]] new rail future",1.0,0.5130268931388855,"coronavirus franchising ended a government [[essay]] new rail future","Successful"
0.0,86.0,0.0,0.3578253388404846,"death continue falling the day [[average]] just [[edged]] under",1.0,0.5587790608406067,"death continue falling the day [[fair]] just [[stinging]] under","Successful"
1.0,84.0,1.0,0.35745394229888916,"corona virus [[must]] be [[stopped]] [[confirm]] irish music fan",1.0,0.490964412689209,"corona virus [[moldiness]] be [[halt]] [[substantiate]] irish music fan","Failed"
1.0,100.0,1.0,0.3760386109352112,"[[false]] positive result [[rate]] in pcr test is percent",0.0,0.5717536211013794,"[[delusive]] positive result [[pace]] in pcr test is percent","Successful"
1.0,38.0,1.0,0.48620736598968506,"[[meditate]] your way through covid with tracy honeycomb covid ",0.0,0.5420068502426147,"[[study]] your way through covid with tracy honeycomb covid ","Successful"
1.0,1.0,0.0,0.551793098449707,"model projecting covid death are talking about without mitigation",0.0,0.551793098449707,"model projecting covid death are talking about without mitigation","Skipped"
0.0,55.0,0.0,0.44708073139190674,"helping patient through postcovid postintensive [[care]] syndrome coronavirus",1.0,0.5136468410491943,"helping patient through postcovid postintensive [[precaution]] syndrome coronavirus","Successful"
1.0,72.0,1.0,0.3593721389770508,"first [[volunteer]] in uk coronavirus vaccine trial ha [[died]]",0.0,0.5935381054878235,"first [[unpaid]] in uk coronavirus vaccine trial ha [[exit]]","Successful"
1.0,45.0,1.0,0.3599487543106079,"ugandan [[president]] [[announces]] the [[postponement]] of election",0.0,0.5671638250350952,"ugandan [[chairwoman]] [[denote]] the [[wait]] of election","Successful"
1.0,49.0,1.0,0.3610988259315491,"mm [[essential]] [[oil]] are [[cure]] for the coronavirus",0.0,0.5462793111801147,"mm [[requirement]] [[anoint]] are [[heal]] for the coronavirus","Successful"
1.0,110.0,1.0,0.354509174823761,"[[man]] [[buy]] [[vast]] quantity of [[drinking]] [[water]] [[water]] coronavirus",1.0,0.3866173028945923,"[[gentleman]] [[steal]] [[Brobdingnagian]] quantity of [[imbibing]] [[piss]] [[urine]] coronavirus","Failed"
0.0,14.0,0.0,0.3754047155380249,"[[hospitalized]] covid patient should all undergo [[mri]]",0.0,0.382079541683197,"[[hospitalise]] covid patient should all undergo [[MRI]]","Failed"
1.0,73.0,1.0,0.35875576734542847,"coronavirus doe not [[affect]] people with o [[blood]] type",0.0,0.5100299119949341,"coronavirus doe not [[regard]] people with o [[descent]] type","Successful"
1.0,50.0,1.0,0.3370932340621948,"[[vaccine]] [[killed]] [[million]] [[people]] during the spanish [[flu]] pandemic",1.0,0.3590988516807556,"[[vaccinum]] [[down]] [[trillion]] [[mass]] during the spanish [[grippe]] pandemic","Failed"
1.0,72.0,1.0,0.3620645999908447,"yatris are [[stuck]] at vaishno devi due to covid",1.0,0.37848377227783203,"yatris are [[deposit]] at vaishno devi due to covid","Failed"
1.0,122.0,1.0,0.35932421684265137,"nokia [[distributing]] [[free]] [[phone]] to [[student]] amidst coronavirus pandemic",0.0,0.5004655122756958,"nokia [[lot]] [[rid]] [[sound]] to [[educatee]] amidst coronavirus pandemic","Successful"
1.0,86.0,1.0,0.3656507134437561,"child will be [[separated]] from parent for coronavirus treatment",0.0,0.5112618207931519,"child will be [[differentiate]] from parent for coronavirus treatment","Successful"
0.0,91.0,0.0,0.4376007318496704,"misc in pediatric coronavirus [[still]] a puzzle",1.0,0.6276139616966248,"misc in pediatric coronavirus [[tranquillise]] a puzzle","Successful"
1.0,51.0,1.0,0.3626033067703247,"[[trump]] [[suggests]] donkey penis cure covid donaldtrump covid",1.0,0.379907488822937,"[[best]] [[propose]] donkey penis cure covid donaldtrump covid","Failed"
1.0,67.0,1.0,0.3702465295791626,"factchecking ha [[israel]] already [[discovered]] a covid vaccine",1.0,0.38328224420547485,"factchecking ha [[Zion]] already [[hear]] a covid vaccine","Failed"
1.0,60.0,1.0,0.34907305240631104,"the alternative medicine practitioners [[guide]] to coronavirus",0.0,0.5068647265434265,"the alternative medicine practitioners [[steer]] to coronavirus","Successful"
0.0,34.0,0.0,0.36331814527511597,"hospitalist compensation [[report]] of every hospitalists are [[woman]]",1.0,0.5659886598587036,"hospitalist compensation [[paper]] of every hospitalists are [[charwoman]]","Successful"
0.0,1.0,1.0,0.5723393559455872,"abusedeterrent oxycontin will not solve the opioid epidemic",1.0,0.5723393559455872,"abusedeterrent oxycontin will not solve the opioid epidemic","Skipped"
1.0,44.0,1.0,0.34761911630630493,"the vaccine against the [[new]] coronavirus ha [[existed]] since",1.0,0.3604430556297302,"the vaccine against the [[young]] coronavirus ha [[subsist]] since","Failed"
